item_id,title,us_size,source_cost,source,url,listing_price,est_net
355423513413,Gucci Tennis 1977 Sneaker Beige/Ebony GG Canvas Me,13,555.00,GOAT new UK 12.5 = US 13 (browser read 2026-10-07),https://www.goat.com/sneakers/gucci-tennis-1977-ebony-606111-hvk20-9766,1047.99,241
355426469262,Gucci Ace GG Supreme Sneaker Black/Grey Men's Leat,12.5,627.00,GOAT new UK 12 = US 12.5 (browser read 2026-10-07),https://www.goat.com/sneakers/gucci-ace-gg-supreme-black-grey-429445-96g50-1130,993.99,127
355426469262,Gucci Ace GG Supreme Sneaker Black/Grey Men's Leat,13.5,367.00,GOAT new UK 13 = US 13.5 (browser read 2026-10-07),https://www.goat.com/sneakers/gucci-ace-gg-supreme-black-grey-429445-96g50-1130,993.99,387
355428047951,Gucci Ace Embroidered Bee Sneaker White Men's Leat,5,633.00,GOAT new UK 4.5 = US 5 (browser read 2026-10-07),https://www.goat.com/sneakers/gucci-ace-embroidered-bee-429446-02jp0-9064,993.99,121
355428047951,Gucci Ace Embroidered Bee Sneaker White Men's Leat,6,633.00,GOAT new UK 5.5 = US 6 (browser read 2026-10-07),https://www.goat.com/sneakers/gucci-ace-embroidered-bee-429446-02jp0-9064,993.99,121
355428047951,Gucci Ace Embroidered Bee Sneaker White Men's Leat,12,633.00,GOAT new UK 11.5 = US 12 (browser read 2026-10-07),https://www.goat.com/sneakers/gucci-ace-embroidered-bee-429446-02jp0-9064,993.99,121
355428047951,Gucci Ace Embroidered Bee Sneaker White Men's Leat,13.5,633.00,GOAT new UK 13 = US 13.5 (browser read 2026-10-07),https://www.goat.com/sneakers/gucci-ace-embroidered-bee-429446-02jp0-9064,993.99,121
355428047951,Gucci Ace Embroidered Bee Sneaker White Men's Leat,14,633.00,GOAT new UK 13.5 = US 14 (browser read 2026-10-07),https://www.goat.com/sneakers/gucci-ace-embroidered-bee-429446-02jp0-9064,993.99,121
355428047951,Gucci Ace Embroidered Bee Sneaker White Men's Leat,14.5,633.00,GOAT new UK 14 = US 14.5 (browser read 2026-10-07),https://www.goat.com/sneakers/gucci-ace-embroidered-bee-429446-02jp0-9064,993.99,121
355428047951,Gucci Ace Embroidered Bee Sneaker White Men's Leat,15.5,633.00,GOAT new UK 15 = US 15.5 (browser read 2026-10-07),https://www.goat.com/sneakers/gucci-ace-embroidered-bee-429446-02jp0-9064,993.99,121
355428047951,Gucci Ace Embroidered Bee Sneaker White Men's Leat,16,633.00,GOAT new UK 15.5 = US 16 (browser read 2026-10-07),https://www.goat.com/sneakers/gucci-ace-embroidered-bee-429446-02jp0-9064,993.99,121
355429309757,Gucci Ace GG Crystal Canvas Sneaker Blue Men's Lea,9.5,647.00,GOAT new UK 9 = US 9.5 (browser read 2026-10-07),https://www.goat.com/sneakers/gucci-ace-gg-crystal-canvas-blue-760775-facrf-4349,993.99,107
820204075354,Gucci Ace Sneaker with Web Black/Navy/Red Men's Lo,7,582.00,GOAT new UK 6.5 = US 7 (browser read 2026-10-07),https://www.goat.com/sneakers/gucci-ace-black-blue-red-757892-aacag-1096,902.49,102
820204075354,Gucci Ace Sneaker with Web Black/Navy/Red Men's Lo,8.5,571.00,GOAT new UK 8 = US 8.5 (browser read 2026-10-07),https://www.goat.com/sneakers/gucci-ace-black-blue-red-757892-aacag-1096,902.49,113
820204075517,Gucci Horsebit Driver Loafer with Web Black/Green/,10.5,393.00,GOAT new UK 10 = US 10.5 (browser read 2026-10-07),https://www.goat.com/sneakers/gucci-driver-horsebit-black-green-red-624698-1xh10-1066,899.99,289
820204075517,Gucci Horsebit Driver Loafer with Web Black/Green/,11,523.00,GOAT new UK 10.5 = US 11 (browser read 2026-10-07),https://www.goat.com/sneakers/gucci-driver-horsebit-black-green-red-624698-1xh10-1066,899.99,159
820204075517,Gucci Horsebit Driver Loafer with Web Black/Green/,13.5,512.00,GOAT new UK 13 = US 13.5 (browser read 2026-10-07),https://www.goat.com/sneakers/gucci-driver-horsebit-black-green-red-624698-1xh10-1066,899.99,170
820204075592,Gucci Horsebit Driver Loafer Black Men's Leather D,8,590.00,GOAT new UK 7.5 = US 8 (browser read 2026-10-07),https://www.goat.com/sneakers/gucci-driver-loafer-horsebit-black-752621-d3v00-1000,944.99,126
820204075592,Gucci Horsebit Driver Loafer Black Men's Leather D,10,510.00,GOAT new UK 9.5 = US 10 (browser read 2026-10-07),https://www.goat.com/sneakers/gucci-driver-loafer-horsebit-black-752621-d3v00-1000,944.99,206
820204075592,Gucci Horsebit Driver Loafer Black Men's Leather D,10.5,563.00,GOAT new UK 10 = US 10.5 (browser read 2026-10-07),https://www.goat.com/sneakers/gucci-driver-loafer-horsebit-black-752621-d3v00-1000,944.99,153
820205221528,Gucci Interlocking G Driver Moccasin Brown Men's L,8,424.00,GOAT new UK 7.5 = US 8 (browser read 2026-10-07),https://www.goat.com/sneakers/gucci-driver-interlocking-g-brown-sugar-730148-1xh60-2361,759.99,149
820205221528,Gucci Interlocking G Driver Moccasin Brown Men's L,9,432.00,GOAT new UK 8.5 = US 9 (browser read 2026-10-07),https://www.goat.com/sneakers/gucci-driver-interlocking-g-brown-sugar-730148-1xh60-2361,759.99,141
820205221528,Gucci Interlocking G Driver Moccasin Brown Men's L,10.5,445.00,GOAT new UK 10 = US 10.5 (browser read 2026-10-07),https://www.goat.com/sneakers/gucci-driver-interlocking-g-brown-sugar-730148-1xh60-2361,759.99,128
820205221528,Gucci Interlocking G Driver Moccasin Brown Men's L,13.5,362.00,GOAT new UK 13 = US 13.5 (browser read 2026-10-07),https://www.goat.com/sneakers/gucci-driver-interlocking-g-brown-sugar-730148-1xh60-2361,759.99,211
820205221563,Gucci Interlocking G Driver Moccasin Washed Indigo,5.5,445.00,GOAT new UK 5 = US 5.5 (browser read 2026-10-07),https://www.goat.com/sneakers/gucci-driver-interlocking-g-washed-indigo-692379-1xh00-4246,824.99,179
820205221563,Gucci Interlocking G Driver Moccasin Washed Indigo,6,356.00,GOAT new UK 5.5 = US 6 (browser read 2026-10-07),https://www.goat.com/sneakers/gucci-driver-interlocking-g-washed-indigo-692379-1xh00-4246,824.99,268
820205221563,Gucci Interlocking G Driver Moccasin Washed Indigo,8.5,523.00,GOAT new UK 8 = US 8.5 (browser read 2026-10-07),https://www.goat.com/sneakers/gucci-driver-interlocking-g-washed-indigo-692379-1xh00-4246,824.99,101
820205221563,Gucci Interlocking G Driver Moccasin Washed Indigo,9,517.00,GOAT new UK 8.5 = US 9 (browser read 2026-10-07),https://www.goat.com/sneakers/gucci-driver-interlocking-g-washed-indigo-692379-1xh00-4246,824.99,107
820205221563,Gucci Interlocking G Driver Moccasin Washed Indigo,12.5,386.00,GOAT new UK 12 = US 12.5 (browser read 2026-10-07),https://www.goat.com/sneakers/gucci-driver-interlocking-g-washed-indigo-692379-1xh00-4246,824.99,238
820205221628,Gucci Interlocking G Loafer with Web Black/Green/R,6,525.00,GOAT new UK 5.5 = US 6 (browser read 2026-10-07),https://www.goat.com/sneakers/gucci-kaveh-loafer-black-green-red-644724-17x10-1060,888.24,148
820205221628,Gucci Interlocking G Loafer with Web Black/Green/R,12.5,366.00,GOAT new UK 12 = US 12.5 (browser read 2026-10-07),https://www.goat.com/sneakers/gucci-kaveh-loafer-black-green-red-644724-17x10-1060,888.24,307
820205221669,Gucci MAC80 Sneaker Black/Off-White Men's Leather ,11.5,632.00,GOAT new UK 11 = US 11.5 (browser read 2026-10-07),https://www.goat.com/sneakers/gucci-mac80-sneaker-black-off-white-756811-aab79-1051,992.74,121
820205221669,Gucci MAC80 Sneaker Black/Off-White Men's Leather ,13,589.00,GOAT new UK 12.5 = US 13 (browser read 2026-10-07),https://www.goat.com/sneakers/gucci-mac80-sneaker-black-off-white-756811-aab79-1051,992.74,164
820205221669,Gucci MAC80 Sneaker Black/Off-White Men's Leather ,14,537.00,GOAT new UK 13.5 = US 14 (browser read 2026-10-07),https://www.goat.com/sneakers/gucci-mac80-sneaker-black-off-white-756811-aab79-1051,992.74,216
820205221755,Gucci Noel Driver Loafer Black Men's Leather Drivi,13.5,488.00,GOAT new UK 13 = US 13.5 (browser read 2026-10-07),https://www.goat.com/sneakers/gucci-noel-driver-loafer-black-450891-dtm10-1060,841.49,148
820205329339,Gucci Ace GG Supreme Bees Sneaker Beige/Ebony Men',12.5,430.00,GOAT new UK 12 = US 12.5 (browser read 2026-10-07),https://www.goat.com/sneakers/gucci-ace-gg-supreme-bees-548950-9n020-8465,714.99,108
820205329431,Gucci Ace Sneaker with Perforated Interlocking G W,5.5,446.00,GOAT new UK 5 = US 5.5 (browser read 2026-10-07),https://www.goat.com/sneakers/gucci-ace-interlocking-g-599147-ayo70-9094,749.99,120
820205329431,Gucci Ace Sneaker with Perforated Interlocking G W,13.5,316.00,GOAT new UK 13 = US 13.5 (browser read 2026-10-07),https://www.goat.com/sneakers/gucci-ace-interlocking-g-599147-ayo70-9094,749.99,250
820205329431,Gucci Ace Sneaker with Perforated Interlocking G W,14.5,321.00,GOAT new UK 14 = US 14.5 (browser read 2026-10-07),https://www.goat.com/sneakers/gucci-ace-interlocking-g-599147-ayo70-9094,749.99,245
820205329595,Gucci MAC80 Sneaker Off-White Men's Leather Low To,12,558.00,GOAT new UK 11.5 = US 12 (browser read 2026-10-07),https://www.goat.com/sneakers/gucci-mac80-sneaker-off-white-gum-747953-aab8c-9110,992.74,195
820205329783,Gucci Tennis 1977 High-Top Sneaker Beige/Ebony GG ,5,495.00,GOAT new UK 4.5 = US 5 (browser read 2026-10-07),https://www.goat.com/sneakers/gucci-tennis-1977-high-beige-ebony-625807-hvk70-9765,869.99,163
820205329783,Gucci Tennis 1977 High-Top Sneaker Beige/Ebony GG ,6,553.00,GOAT new UK 5.5 = US 6 (browser read 2026-10-07),https://www.goat.com/sneakers/gucci-tennis-1977-high-beige-ebony-625807-hvk70-9765,869.99,105
820205329783,Gucci Tennis 1977 High-Top Sneaker Beige/Ebony GG ,6.5,504.00,GOAT new UK 6 = US 6.5 (browser read 2026-10-07),https://www.goat.com/sneakers/gucci-tennis-1977-high-beige-ebony-625807-hvk70-9765,869.99,154
820205329783,Gucci Tennis 1977 High-Top Sneaker Beige/Ebony GG ,7.5,531.00,GOAT new UK 7 = US 7.5 (browser read 2026-10-07),https://www.goat.com/sneakers/gucci-tennis-1977-high-beige-ebony-625807-hvk70-9765,869.99,127
820205329783,Gucci Tennis 1977 High-Top Sneaker Beige/Ebony GG ,9,491.00,GOAT new UK 8.5 = US 9 (browser read 2026-10-07),https://www.goat.com/sneakers/gucci-tennis-1977-high-beige-ebony-625807-hvk70-9765,869.99,167
820205329783,Gucci Tennis 1977 High-Top Sneaker Beige/Ebony GG ,9.5,537.00,GOAT new UK 9 = US 9.5 (browser read 2026-10-07),https://www.goat.com/sneakers/gucci-tennis-1977-high-beige-ebony-625807-hvk70-9765,869.99,121
820205329783,Gucci Tennis 1977 High-Top Sneaker Beige/Ebony GG ,10.5,501.00,GOAT new UK 10 = US 10.5 (browser read 2026-10-07),https://www.goat.com/sneakers/gucci-tennis-1977-high-beige-ebony-625807-hvk70-9765,869.99,157
820205698211,Gucci Ace GG Embossed Sneaker Black Men's Leather ,5,575.00,GOAT new UK 4.5 = US 5 (browser read 2026-10-07),https://www.goat.com/sneakers/gucci-ace-gg-embossed-black-625787-1xk10-1000,929.99,130
820205698211,Gucci Ace GG Embossed Sneaker Black Men's Leather ,5.5,490.00,GOAT new UK 5 = US 5.5 (browser read 2026-10-07),https://www.goat.com/sneakers/gucci-ace-gg-embossed-black-625787-1xk10-1000,929.99,215
820205698211,Gucci Ace GG Embossed Sneaker Black Men's Leather ,6,525.00,GOAT new UK 5.5 = US 6 (browser read 2026-10-07),https://www.goat.com/sneakers/gucci-ace-gg-embossed-black-625787-1xk10-1000,929.99,180
820205698211,Gucci Ace GG Embossed Sneaker Black Men's Leather ,12.5,598.00,GOAT new UK 12 = US 12.5 (browser read 2026-10-07),https://www.goat.com/sneakers/gucci-ace-gg-embossed-black-625787-1xk10-1000,929.99,107
820207186253,Gucci Basket Black Red Men's Demetra Low Top Sneak,14.5,560.00,GOAT new UK 14 = US 14.5 (browser read 2026-10-07),https://www.goat.com/sneakers/gucci-basket-black-red-724004-faa1u-1158,917.49,135
820207186287,Gucci Basket Green Demetra Men's Low Top Sneakers ,13.5,311.00,GOAT new UK 13 = US 13.5 (browser read 2026-10-07),https://www.goat.com/sneakers/gucci-basket-green-demetra-697882-2sh90-3760,812.99,303
820207186287,Gucci Basket Green Demetra Men's Low Top Sneakers ,14.5,269.00,GOAT new UK 14 = US 14.5 (browser read 2026-10-07),https://www.goat.com/sneakers/gucci-basket-green-demetra-697882-2sh90-3760,812.99,345
820207186287,Gucci Basket Green Demetra Men's Low Top Sneakers ,15,424.00,GOAT new UK 14.5 = US 15 (browser read 2026-10-07),https://www.goat.com/sneakers/gucci-basket-green-demetra-697882-2sh90-3760,812.99,190
820207186287,Gucci Basket Green Demetra Men's Low Top Sneakers ,15.5,337.00,GOAT new UK 15 = US 15.5 (browser read 2026-10-07),https://www.goat.com/sneakers/gucci-basket-green-demetra-697882-2sh90-3760,812.99,277
820207186346,Gucci Basket High Black Demetra Men's High Top Sne,5,549.00,GOAT new UK 4.5 = US 5 (browser read 2026-10-07),https://www.goat.com/sneakers/gucci-basket-high-black-demetra-661303-2sh90-1072,960.99,180
820207186346,Gucci Basket High Black Demetra Men's High Top Sne,13.5,522.00,GOAT new UK 13 = US 13.5 (browser read 2026-10-07),https://www.goat.com/sneakers/gucci-basket-high-black-demetra-661303-2sh90-1072,960.99,207
820207186346,Gucci Basket High Black Demetra Men's High Top Sne,15,580.00,GOAT new UK 14.5 = US 15 (browser read 2026-10-07),https://www.goat.com/sneakers/gucci-basket-high-black-demetra-661303-2sh90-1072,960.99,149
820207186346,Gucci Basket High Black Demetra Men's High Top Sne,15.5,402.00,GOAT new UK 15 = US 15.5 (browser read 2026-10-07),https://www.goat.com/sneakers/gucci-basket-high-black-demetra-661303-2sh90-1072,960.99,327
820207186442,Gucci Basket High White Demetra Red Men's High Top,13.5,623.00,GOAT new UK 13 = US 13.5 (browser read 2026-10-07),https://www.goat.com/sneakers/gucci-basket-high-white-demetra-red-673077-2shg0-9076,977.49,119
820207186442,Gucci Basket High White Demetra Red Men's High Top,15,363.00,GOAT new UK 14.5 = US 15 (browser read 2026-10-07),https://www.goat.com/sneakers/gucci-basket-high-white-demetra-red-673077-2shg0-9076,977.49,379
820207186442,Gucci Basket High White Demetra Red Men's High Top,15.5,621.00,GOAT new UK 15 = US 15.5 (browser read 2026-10-07),https://www.goat.com/sneakers/gucci-basket-high-white-demetra-red-673077-2shg0-9076,977.49,121
820207186465,Gucci Basket Low White Demetra Green Men's Low Top,13.5,300.00,GOAT new UK 13 = US 13.5 (browser read 2026-10-07),https://www.goat.com/sneakers/gucci-basket-low-white-demetra-green-698785-2shg0-9089,796.99,302
820207186465,Gucci Basket Low White Demetra Green Men's Low Top,14,317.00,GOAT new UK 13.5 = US 14 (browser read 2026-10-07),https://www.goat.com/sneakers/gucci-basket-low-white-demetra-green-698785-2shg0-9089,796.99,285
820207186465,Gucci Basket Low White Demetra Green Men's Low Top,14.5,383.00,GOAT new UK 14 = US 14.5 (browser read 2026-10-07),https://www.goat.com/sneakers/gucci-basket-low-white-demetra-green-698785-2shg0-9089,796.99,219
820207186465,Gucci Basket Low White Demetra Green Men's Low Top,15,320.00,GOAT new UK 14.5 = US 15 (browser read 2026-10-07),https://www.goat.com/sneakers/gucci-basket-low-white-demetra-green-698785-2shg0-9089,796.99,282
820207186465,Gucci Basket Low White Demetra Green Men's Low Top,15.5,317.00,GOAT new UK 15 = US 15.5 (browser read 2026-10-07),https://www.goat.com/sneakers/gucci-basket-low-white-demetra-green-698785-2shg0-9089,796.99,285
820207186489,Gucci Basket Low White Demetra Red Men's Low Top S,13.5,312.00,GOAT new UK 13 = US 13.5 (browser read 2026-10-07),https://www.goat.com/sneakers/gucci-basket-low-white-demetra-red-697882-2shj0-9090,862.99,341
820207186489,Gucci Basket Low White Demetra Red Men's Low Top S,14,424.00,GOAT new UK 13.5 = US 14 (browser read 2026-10-07),https://www.goat.com/sneakers/gucci-basket-low-white-demetra-red-697882-2shj0-9090,862.99,229
820207186489,Gucci Basket Low White Demetra Red Men's Low Top S,15,423.00,GOAT new UK 14.5 = US 15 (browser read 2026-10-07),https://www.goat.com/sneakers/gucci-basket-low-white-demetra-red-697882-2shj0-9090,862.99,230
820207186489,Gucci Basket Low White Demetra Red Men's Low Top S,15.5,394.00,GOAT new UK 15 = US 15.5 (browser read 2026-10-07),https://www.goat.com/sneakers/gucci-basket-low-white-demetra-red-697882-2shj0-9090,862.99,259
820207186525,Gucci Basket Red Black Demetra Men's Low Top Sneak,13.5,374.00,GOAT new UK 13 = US 13.5 (browser read 2026-10-07),https://www.goat.com/sneakers/gucci-basket-red-black-demetra-697882-2sh90-6662,812.99,240
820207186704,Gucci Rhyton White Red Green Reflective Men's Mesh,5,324.00,GOAT new UK 4.5 = US 5 (browser read 2026-10-07),https://www.goat.com/sneakers/gucci-rhyton-white-red-green-reflective-643491-2h060-9088,803.99,283
820207186744,Gucci Run Sneaker Beige Ebony Monogram Men's Leath,8.5,612.00,GOAT new UK 8 = US 8.5 (browser read 2026-10-07),https://www.goat.com/sneakers/gucci-run-sneaker-beige-ebony-monogram-721116-aabeb-9742,950.99,109
820207186802,Gucci Run Sneaker White Black Men's Knit Low Top S,13.5,451.00,GOAT new UK 13 = US 13.5 (browser read 2026-10-07),https://www.goat.com/sneakers/gucci-run-sneaker-white-black-714658-usm10-8475,761.99,124
820207186878,Gucci Tennis 1977 Black Ivory Men's Canvas Low Top,14.5,372.00,GOAT new UK 14 = US 14.5 (browser read 2026-10-07),https://www.goat.com/sneakers/gucci-tennis-1977-black-ivory-606111-un320-1291,719.99,170
820207186919,Gucci Tennis 1977 Blue Ivory Men's Canvas Low Top ,13.5,327.00,GOAT new UK 13 = US 13.5 (browser read 2026-10-07),https://www.goat.com/sneakers/gucci-tennis-1977-denim-606111-2kq10-4463,675.99,181
