item_id,size,new_price,new_available
355066509978,5,949.99,
355066509978,5.5,949.99,
355066509978,6,949.99,
355066509978,6.5,949.99,
355066509978,7,949.99,
355066509978,8,949.99,
355066509978,8.5,949.99,
355420948879,5,949.99,
355420948879,5.5,949.99,
355420948879,6,949.99,
355420948879,6.5,949.99,
355420948879,8,949.99,
355420948879,8.5,949.99,
355420948879,10,949.99,
355066429434,5,949.99,
355066429434,5.5,949.99,
355066429434,6,949.99,
355066429434,6.5,949.99,
355066429434,7,949.99,
355066429434,7.5,949.99,
355066429434,8,949.99,
355066429434,8.5,949.99,
355066429434,9,949.99,
355066429434,9.5,949.99,
355066429434,10,949.99,
355420832785,5,1029.99,
355420832785,5.5,1029.99,
355420832785,6,1029.99,
355420832785,6.5,1029.99,
355420832785,7,1029.99,
355420832785,7.5,1029.99,
355420832785,8,1029.99,
355420832785,8.5,1029.99,
355420832785,9,1029.99,
355420832785,9.5,1029.99,
355420832785,10.5,1029.99,
356084785661,,599.99,
355429385763,5.5,999.99,
355429385763,6.5,999.99,
355429385763,7,999.99,
355429385763,7.5,999.99,
355429385763,8,999.99,
355429385763,8.5,999.99,
355429385763,9,999.99,
355429385763,9.5,999.99,
355429385763,10,999.99,
355429385763,10.5,999.99,
355429385763,11.5,999.99,
355429385763,12.5,999.99,
355429355271,5.5,949.99,
355429355271,6.5,949.99,
355429355271,7.5,949.99,
355429355271,8,949.99,
355429355271,8.5,949.99,
355429355271,9,949.99,
355429355271,9.5,949.99,
355429355271,10.5,949.99,
355429355271,11.5,949.99,
355423513413,5.5,929.99,
355423513413,6.5,929.99,
355423513413,7,929.99,
355423513413,7.5,929.99,
355423513413,8,929.99,
355423513413,8.5,929.99,
355423513413,9.5,929.99,
355423513413,10.5,929.99,
355423513413,11,929.99,
355423513413,11.5,929.99,
355423513413,12.5,929.99,
355422678861,6,729.99,
355422678861,7,729.99,
355422678861,7.5,729.99,
355422678861,8,729.99,
355422678861,8.5,729.99,
355422678861,9,729.99,
355422678861,9.5,729.99,
355422678861,10,729.99,
355422678861,10.5,729.99,
355422678861,11,729.99,
355422678861,11.5,729.99,
355422678861,12,729.99,
